10:100000005:C:T	NA	0.000243331	rs775195100
10:100000222:G:A	NA	0.000155473	rs138880521
10:100000235:C:T	0.302661	0.324134	rs11596870
10:100000350:C:T	NA	2.40718e-05	rs74152907
10:100000468:C:T	NA	3.79323e-05	rs1014103908
10:100000486:G:A	4.13539e-05	0.000618006	rs758570724
10:100000584:C:T	NA	0.000135292	rs746782982
10:100000673:C:T	NA	0.000162545	rs181709838
10:100000873:A:C	NA	0.000255089	rs556794592
10:100000943:G:A	0.0820495	0.104848	rs11190359
10:100000954:C:A	0.00023964	NA	rs112887542
10:100000954:C:T	0.00515819	0.00744598	NA
10:100000971:G:A	NA	0.00027682	rs370678155
10:100000979:T:C	NA	0.0578791	rs11190360
10:100001413:G:T	NA	0.500139	rs12261919
10:100001656:G:A	NA	0.000419779	rs147189308
10:100001684:A:G	NA	0.000208959	rs575776365
10:100001702:C:T	NA	7.1821e-05	rs116503077
10:100001839:CAA:C	0.000173331	NA	rs767379752
10:100001843:G:C	NA	6.92498e-05	rs376498779
